{
  "version": 1,
  "author": "GUSTAVO FRANCO PEREIRA",
  "editor": "wokwi",
  "parts": [
    {
      "type": "wokwi-breadboard-half",
      "id": "bb1",
      "top": -233.4,
      "left": -26,
      "attrs": { "color": "#eeefed" }
    },
    { "type": "wokwi-arduino-uno", "id": "uno", "top": 0, "left": 0, "attrs": {} },
    {
      "type": "wokwi-led",
      "id": "led1",
      "top": -224.4,
      "left": 51.8,
      "attrs": { "color": "red" }
    },
    {
      "type": "wokwi-led",
      "id": "led2",
      "top": -224.4,
      "left": 90.2,
      "attrs": { "color": "red" }
    },
    { "type": "wokwi-led", "id": "led3", "top": -224.4, "left": 71, "attrs": { "color": "red" } },
    {
      "type": "wokwi-led",
      "id": "led4",
      "top": -224.4,
      "left": 128.6,
      "attrs": { "color": "red" }
    },
    {
      "type": "wokwi-led",
      "id": "led5",
      "top": -224.4,
      "left": 109.4,
      "attrs": { "color": "red" }
    },
    {
      "type": "wokwi-resistor",
      "id": "r1",
      "top": -148.8,
      "left": 37.85,
      "rotate": 90,
      "attrs": { "value": "330" }
    },
    {
      "type": "wokwi-resistor",
      "id": "r2",
      "top": -148.8,
      "left": 57.05,
      "rotate": 90,
      "attrs": { "value": "330" }
    },
    {
      "type": "wokwi-resistor",
      "id": "r3",
      "top": -148.8,
      "left": 76.25,
      "rotate": 90,
      "attrs": { "value": "330" }
    },
    {
      "type": "wokwi-resistor",
      "id": "r4",
      "top": -148.8,
      "left": 95.45,
      "rotate": 90,
      "attrs": { "value": "330" }
    },
    {
      "type": "wokwi-resistor",
      "id": "r5",
      "top": -148.8,
      "left": 114.65,
      "rotate": 90,
      "attrs": { "value": "330" }
    }
  ],
  "connections": [
    [ "led1:A", "bb1:9t.a", "", [ "$bb" ] ],
    [ "led1:C", "bb1:8t.a", "", [ "$bb" ] ],
    [ "led3:A", "bb1:11t.a", "", [ "$bb" ] ],
    [ "led3:C", "bb1:10t.a", "", [ "$bb" ] ],
    [ "led2:A", "bb1:13t.a", "", [ "$bb" ] ],
    [ "led2:C", "bb1:12t.a", "", [ "$bb" ] ],
    [ "led5:A", "bb1:15t.a", "", [ "$bb" ] ],
    [ "led5:C", "bb1:14t.a", "", [ "$bb" ] ],
    [ "led4:A", "bb1:17t.a", "", [ "$bb" ] ],
    [ "led4:C", "bb1:16t.a", "", [ "$bb" ] ],
    [ "r1:1", "bb1:8t.b", "", [ "$bb" ] ],
    [ "r1:2", "bb1:8b.f", "", [ "$bb" ] ],
    [ "r2:1", "bb1:10t.b", "", [ "$bb" ] ],
    [ "r2:2", "bb1:10b.f", "", [ "$bb" ] ],
    [ "r3:1", "bb1:12t.b", "", [ "$bb" ] ],
    [ "r3:2", "bb1:12b.f", "", [ "$bb" ] ],
    [ "r4:1", "bb1:14t.b", "", [ "$bb" ] ],
    [ "r4:2", "bb1:14b.f", "", [ "$bb" ] ],
    [ "r5:1", "bb1:16t.b", "", [ "$bb" ] ],
    [ "r5:2", "bb1:16b.f", "", [ "$bb" ] ],
    [ "bb1:8b.g", "bb1:bn.6", "blue", [ "v0" ] ],
    [ "bb1:10b.g", "bb1:bn.8", "blue", [ "v0" ] ],
    [ "bb1:12b.g", "bb1:bn.10", "blue", [ "v0" ] ],
    [ "bb1:14b.g", "bb1:bn.11", "blue", [ "v0" ] ],
    [ "bb1:16b.g", "bb1:bn.13", "blue", [ "v0" ] ],
    [ "bb1:bn.9", "uno:GND.1", "blue", [ "v0" ] ],
    [ "bb1:9t.b", "uno:13", "green", [ "v0" ] ],
    [ "bb1:11t.b", "uno:12", "green", [ "v0" ] ],
    [ "bb1:13t.b", "uno:11", "green", [ "v0" ] ],
    [ "bb1:15t.b", "uno:10", "green", [ "v0" ] ],
    [ "bb1:17t.b", "uno:9", "green", [ "v0" ] ]
  ],
  "dependencies": {}
}