{
  "version": 1,
  "author": "GUSTAVO FRANCO PEREIRA",
  "editor": "wokwi",
  "parts": [
    { "type": "wokwi-breadboard-half", "id": "bb1", "top": -223.8, "left": -160.4, "attrs": {} },
    { "type": "wokwi-arduino-uno", "id": "uno", "top": -9, "left": -154.2, "attrs": {} },
    {
      "type": "wokwi-led",
      "id": "led1",
      "top": -147.6,
      "left": -111.4,
      "attrs": { "color": "red" }
    },
    {
      "type": "wokwi-led",
      "id": "led2",
      "top": -147.6,
      "left": -53.8,
      "attrs": { "color": "limegreen" }
    },
    {
      "type": "wokwi-led",
      "id": "led3",
      "top": -147.6,
      "left": -5.8,
      "attrs": { "color": "yellow" }
    }
  ],
  "connections": [
    [ "bb1:16b.g", "bb1:bn.13", "green", [ "v0" ] ],
    [ "bb1:5b.g", "bb1:bn.4", "green", [ "v0" ] ],
    [ "bb1:11b.g", "bb1:bn.9", "green", [ "v0" ] ],
    [ "bb1:bn.10", "uno:GND.1", "green", [ "v0" ] ],
    [ "led2:A", "bb1:12b.f", "", [ "$bb" ] ],
    [ "led2:C", "bb1:11b.f", "", [ "$bb" ] ],
    [ "led3:A", "bb1:17b.f", "", [ "$bb" ] ],
    [ "led3:C", "bb1:16b.f", "", [ "$bb" ] ],
    [ "led1:A", "bb1:6b.f", "", [ "$bb" ] ],
    [ "led1:C", "bb1:5b.f", "", [ "$bb" ] ],
    [ "bb1:12b.j", "uno:8", "green", [ "v0" ] ],
    [ "bb1:17b.j", "uno:9", "green", [ "v0" ] ],
    [ "bb1:6b.j", "uno:13", "green", [ "v0" ] ]
  ],
  "dependencies": {}
}