{
  "version": 1,
  "author": "GUSTAVO FRANCO PEREIRA",
  "editor": "wokwi",
  "parts": [
    { "type": "wokwi-breadboard-mini", "id": "bb1", "top": -203, "left": 45.6, "attrs": {} },
    { "type": "wokwi-arduino-uno", "id": "uno", "top": -66.6, "left": -0.6, "attrs": {} },
    { "type": "wokwi-led", "id": "led1", "top": -234, "left": 147.8, "attrs": { "color": "red" } },
    { "type": "wokwi-led", "id": "led2", "top": -234, "left": 71, "attrs": { "color": "red" } },
    {
      "type": "wokwi-resistor",
      "id": "r1",
      "top": -148.8,
      "left": 57.05,
      "rotate": 90,
      "attrs": { "value": "330" }
    },
    {
      "type": "wokwi-resistor",
      "id": "r2",
      "top": -148.8,
      "left": 133.85,
      "rotate": 90,
      "attrs": { "value": "330" }
    }
  ],
  "connections": [
    [ "led1:A", "bb1:13t.a", "", [ "$bb" ] ],
    [ "led1:C", "bb1:12t.a", "", [ "$bb" ] ],
    [ "led2:A", "bb1:5t.a", "", [ "$bb" ] ],
    [ "led2:C", "bb1:4t.a", "", [ "$bb" ] ],
    [ "r2:1", "bb1:12t.c", "", [ "$bb" ] ],
    [ "r2:2", "bb1:12b.g", "", [ "$bb" ] ],
    [ "r1:1", "bb1:4t.c", "", [ "$bb" ] ],
    [ "r1:2", "bb1:4b.g", "", [ "$bb" ] ],
    [ "bb1:12b.h", "bb1:8b.h", "green", [ "v0" ] ],
    [ "bb1:4b.h", "bb1:8b.i", "green", [ "v0" ] ],
    [ "bb1:8b.j", "uno:GND.1", "green", [ "v0" ] ],
    [ "bb1:5t.c", "uno:13", "green", [ "v0" ] ],
    [ "bb1:13t.c", "uno:12", "green", [ "v0" ] ]
  ],
  "dependencies": {}
}